{"cameraMode":{"drawMode":0,"name":"Shaded","section":"Shading Mode"},"sceneLighting":false,"audioPlay":false,"sceneViewState":{"showFog":true,"showMaterialUpdate":false,"showSkybox":false,"showFlares":true,"showImageEffects":true,"showParticleSystems":true},"in2DMode":false,"pivot":{"x":11.619178771972657,"y":5.774761199951172,"z":127.42274475097656},"rotation":{"x":-0.023888465017080308,"y":-0.6268607378005981,"z":0.01866164617240429,"w":-0.7787370681762695},"size":10.0,"orthographic":false}