{"cameraMode":{"drawMode":0,"name":"Shaded","section":"Shading Mode"},"sceneLighting":false,"audioPlay":false,"sceneViewState":{"showFog":true,"showMaterialUpdate":false,"showSkybox":false,"showFlares":true,"showImageEffects":true,"showParticleSystems":true},"in2DMode":false,"pivot":{"x":-39.73865509033203,"y":4.941990375518799,"z":12.210573196411133},"rotation":{"x":-0.08017629384994507,"y":0.6975358128547669,"z":-0.07902485877275467,"w":-0.7077139616012573},"size":13.022601127624512,"orthographic":false}