{"cameraMode":{"drawMode":0,"name":"Shaded","section":"Shading Mode"},"sceneLighting":false,"audioPlay":false,"sceneViewState":{"showFog":true,"showMaterialUpdate":false,"showSkybox":false,"showFlares":true,"showImageEffects":true,"showParticleSystems":true},"in2DMode":false,"pivot":{"x":-10.132119178771973,"y":-6.3093461990356449,"z":-0.5064061284065247},"rotation":{"x":-0.12444053590297699,"y":0.6856433749198914,"z":-0.12081502377986908,"w":-0.7070736289024353},"size":10.0,"orthographic":false}