{"cameraMode":{"drawMode":0,"name":"Shaded","section":"Shading Mode"},"sceneLighting":false,"audioPlay":false,"sceneViewState":{"showFog":true,"showMaterialUpdate":false,"showSkybox":false,"showFlares":true,"showImageEffects":true,"showParticleSystems":true},"in2DMode":false,"pivot":{"x":-5.323948383331299,"y":5.675308704376221,"z":-7.910370349884033},"rotation":{"x":0.02888062410056591,"y":-0.721916913986206,"z":0.030921585857868196,"w":0.6910176873207092},"size":2.040325403213501,"orthographic":false}