{"cameraMode":{"drawMode":0,"name":"Shaded","section":"Shading Mode"},"sceneLighting":false,"audioPlay":false,"sceneViewState":{"showFog":true,"showMaterialUpdate":false,"showSkybox":false,"showFlares":true,"showImageEffects":true,"showParticleSystems":true},"in2DMode":false,"pivot":{"x":-42.42355728149414,"y":-5.8783769607543949,"z":-0.9981814026832581},"rotation":{"x":-0.05048727989196777,"y":0.7091001272201538,"z":-0.05169503018260002,"w":-0.701599657535553},"size":24.244525909423829,"orthographic":false}