{"cameraMode":{"drawMode":0,"name":"Shaded","section":"Shading Mode"},"sceneLighting":false,"audioPlay":false,"sceneViewState":{"showFog":true,"showMaterialUpdate":false,"showSkybox":false,"showFlares":true,"showImageEffects":true,"showParticleSystems":true},"in2DMode":false,"pivot":{"x":-11.661916732788086,"y":9.676258087158204,"z":17.139530181884767},"rotation":{"x":-0.015614020638167858,"y":0.7101644277572632,"z":0.015766708180308343,"w":0.7037465572357178},"size":5.033885478973389,"orthographic":false}