{"cameraMode":{"drawMode":0,"name":"Shaded","section":"Shading Mode"},"sceneLighting":false,"audioPlay":false,"sceneViewState":{"showFog":true,"showMaterialUpdate":false,"showSkybox":false,"showFlares":true,"showImageEffects":true,"showParticleSystems":true},"in2DMode":false,"pivot":{"x":10.03660774230957,"y":-6.605968952178955,"z":-0.6925114393234253},"rotation":{"x":-0.13903047144412995,"y":-0.06924891471862793,"z":0.009646272286772728,"w":-0.9878880977630615},"size":0.14899641275405885,"orthographic":false}