{"cameraMode":{"drawMode":0,"name":"Shaded","section":"Shading Mode"},"sceneLighting":true,"audioPlay":false,"sceneViewState":{"showFog":true,"showMaterialUpdate":false,"showSkybox":true,"showFlares":true,"showImageEffects":true,"showParticleSystems":true},"in2DMode":false,"pivot":{"x":11.836962699890137,"y":7.768952369689941,"z":-5.921656131744385},"rotation":{"x":0.030572978779673578,"y":0.7123095393180847,"z":0.03050350397825241,"w":-0.7008179426193237},"size":2.598076105117798,"orthographic":false}