{"cameraMode":{"drawMode":0,"name":"Shaded","section":"Shading Mode"},"sceneLighting":true,"audioPlay":false,"sceneViewState":{"showFog":true,"showMaterialUpdate":false,"showSkybox":true,"showFlares":true,"showImageEffects":true,"showParticleSystems":true},"in2DMode":false,"pivot":{"x":15.74111557006836,"y":3.638035774230957,"z":-9.583172798156739},"rotation":{"x":-0.06875275820493698,"y":0.7568196654319763,"z":-0.08150938898324967,"w":-0.6452234387397766},"size":3.244035005569458,"orthographic":false}