{"cameraMode":{"drawMode":0,"name":"Shaded","section":"Shading Mode"},"sceneLighting":false,"audioPlay":false,"sceneViewState":{"showFog":true,"showMaterialUpdate":false,"showSkybox":false,"showFlares":true,"showImageEffects":true,"showParticleSystems":true},"in2DMode":false,"pivot":{"x":63.60354995727539,"y":565.8036499023438,"z":-224.46368408203126},"rotation":{"x":-0.031805627048015597,"y":-0.015956811606884004,"z":0.00037672874168492854,"w":-0.9994624853134155},"size":10.0,"orthographic":false}