{"cameraMode":{"drawMode":0,"name":"Shaded","section":"Shading Mode"},"sceneLighting":true,"audioPlay":false,"sceneViewState":{"showFog":true,"showMaterialUpdate":false,"showSkybox":true,"showFlares":true,"showImageEffects":true,"showParticleSystems":true},"in2DMode":false,"pivot":{"x":13.806255340576172,"y":10.85364055633545,"z":-10.01218032836914},"rotation":{"x":0.010317808017134667,"y":-0.2633010149002075,"z":0.003256862284615636,"w":0.9648531675338745},"size":3.2660298347473146,"orthographic":false}