{"cameraMode":{"drawMode":0,"name":"Shaded","section":"Shading Mode"},"sceneLighting":false,"audioPlay":false,"sceneViewState":{"showFog":true,"showMaterialUpdate":false,"showSkybox":false,"showFlares":true,"showImageEffects":true,"showParticleSystems":true},"in2DMode":false,"pivot":{"x":-11.608711242675782,"y":7.959713459014893,"z":13.846757888793946},"rotation":{"x":0.0014327375683933497,"y":0.6585977077484131,"z":-0.0011114152148365975,"w":0.7526288032531738},"size":0.8660256862640381,"orthographic":false}