{"cameraMode":{"drawMode":0,"name":"Shaded","section":"Shading Mode"},"sceneLighting":false,"audioPlay":false,"sceneViewState":{"showFog":true,"showMaterialUpdate":false,"showSkybox":false,"showFlares":true,"showImageEffects":true,"showParticleSystems":true},"in2DMode":false,"pivot":{"x":-8.912440299987793,"y":5.26755428314209,"z":-10.415719032287598},"rotation":{"x":0.08982900530099869,"y":-0.7233710885047913,"z":0.09666068851947785,"w":0.6780709028244019},"size":2.040325403213501,"orthographic":false}