{"cameraMode":{"drawMode":0,"name":"Shaded","section":"Shading Mode"},"sceneLighting":false,"audioPlay":false,"sceneViewState":{"showFog":true,"showMaterialUpdate":false,"showSkybox":false,"showFlares":true,"showImageEffects":true,"showParticleSystems":true},"in2DMode":false,"pivot":{"x":-9.754096031188965,"y":9.146723747253418,"z":16.153148651123048},"rotation":{"x":0.002247100230306387,"y":0.7352111339569092,"z":-0.0024296450428664686,"w":0.6778934001922607},"size":5.033885478973389,"orthographic":false}