{"cameraMode":{"drawMode":0,"name":"Shaded","section":"Shading Mode"},"sceneLighting":false,"audioPlay":false,"sceneViewState":{"showFog":true,"showMaterialUpdate":false,"showSkybox":false,"showFlares":true,"showImageEffects":true,"showParticleSystems":true},"in2DMode":false,"pivot":{"x":-9.563237190246582,"y":5.506198406219482,"z":-0.14925408363342286},"rotation":{"x":-0.061075132340192798,"y":-0.6616325974464417,"z":0.05356168374419212,"w":-0.7456220388412476},"size":1.2247449159622193,"orthographic":false}