{"cameraMode":{"drawMode":0,"name":"Shaded","section":"Shading Mode"},"sceneLighting":false,"audioPlay":false,"sceneViewState":{"showFog":true,"showMaterialUpdate":false,"showSkybox":false,"showFlares":true,"showImageEffects":true,"showParticleSystems":true},"in2DMode":false,"pivot":{"x":-81.63489532470703,"y":37.4542236328125,"z":8.706489562988282},"rotation":{"x":-0.0315401516854763,"y":0.7177520394325256,"z":-0.032513488084077838,"w":-0.6949506998062134},"size":1.0877439975738526,"orthographic":false}