{"cameraMode":{"drawMode":0,"name":"Shaded","section":"Shading Mode"},"sceneLighting":false,"audioPlay":false,"sceneViewState":{"showFog":true,"showMaterialUpdate":false,"showSkybox":false,"showFlares":true,"showImageEffects":true,"showParticleSystems":true},"in2DMode":false,"pivot":{"x":-2.3562164306640627,"y":-0.4125288426876068,"z":-2.668172597885132},"rotation":{"x":0.045206911861896518,"y":-0.7116606831550598,"z":0.04639633372426033,"w":0.6998355984687805},"size":3.244035243988037,"orthographic":false}