{"cameraMode":{"drawMode":0,"name":"Shaded","section":"Shading Mode"},"sceneLighting":false,"audioPlay":false,"sceneViewState":{"showFog":true,"showMaterialUpdate":false,"showSkybox":false,"showFlares":true,"showImageEffects":true,"showParticleSystems":true},"in2DMode":false,"pivot":{"x":0.8710929155349731,"y":5.966475486755371,"z":125.78073120117188},"rotation":{"x":-0.03248843550682068,"y":-0.6776229739189148,"z":0.029383720830082895,"w":-0.734311044216156},"size":10.0,"orthographic":false}