{"cameraMode":{"drawMode":0,"name":"Shaded","section":"Shading Mode"},"sceneLighting":false,"audioPlay":false,"sceneViewState":{"showFog":true,"showMaterialUpdate":false,"showSkybox":false,"showFlares":true,"showImageEffects":true,"showParticleSystems":true},"in2DMode":false,"pivot":{"x":-18.054889678955079,"y":4.967123031616211,"z":2.6445019245147707},"rotation":{"x":-0.05360259488224983,"y":0.7234069108963013,"z":-0.056997694075107577,"w":-0.6862115263938904},"size":1.3830660581588746,"orthographic":false}