{"cameraMode":{"drawMode":0,"name":"Shaded","section":"Shading Mode"},"sceneLighting":true,"audioPlay":false,"sceneViewState":{"showFog":true,"showMaterialUpdate":false,"showSkybox":true,"showFlares":true,"showImageEffects":true,"showParticleSystems":true},"in2DMode":false,"pivot":{"x":9.224392890930176,"y":10.120772361755371,"z":-3.5592048168182375},"rotation":{"x":-0.039916448295116428,"y":0.6917192339897156,"z":-0.03897835686802864,"w":-0.7202084064483643},"size":1.5571380853652955,"orthographic":false}