{"cameraMode":{"drawMode":0,"name":"Shaded","section":"Shading Mode"},"sceneLighting":false,"audioPlay":false,"sceneViewState":{"showFog":true,"showMaterialUpdate":false,"showSkybox":false,"showFlares":true,"showImageEffects":true,"showParticleSystems":true},"in2DMode":false,"pivot":{"x":-7.1084980964660648,"y":-0.27471357583999636,"z":-2.336578130722046},"rotation":{"x":-0.0077860536985099319,"y":0.7518230080604553,"z":-0.009546988643705845,"w":-0.6594697833061218},"size":5.255937576293945,"orthographic":false}