{"cameraMode":{"drawMode":0,"name":"Shaded","section":"Shading Mode"},"sceneLighting":false,"audioPlay":false,"sceneViewState":{"showFog":true,"showMaterialUpdate":false,"showSkybox":false,"showFlares":true,"showImageEffects":true,"showParticleSystems":true},"in2DMode":false,"pivot":{"x":-13.355076789855957,"y":9.595113754272461,"z":-11.671124458312989},"rotation":{"x":0.027332963421940805,"y":-0.6885911822319031,"z":0.02611709199845791,"w":0.7242974638938904},"size":5.6660261154174809,"orthographic":false}