{"cameraMode":{"drawMode":0,"name":"Shaded","section":"Shading Mode"},"sceneLighting":false,"audioPlay":false,"sceneViewState":{"showFog":true,"showMaterialUpdate":false,"showSkybox":false,"showFlares":true,"showImageEffects":true,"showParticleSystems":true},"in2DMode":false,"pivot":{"x":-16.86138343811035,"y":6.692636489868164,"z":-0.9587496519088745},"rotation":{"x":-0.061367906630039218,"y":-0.6726596355438232,"z":0.055481135845184329,"w":-0.7355226874351502},"size":1.2247449159622193,"orthographic":false}