{"cameraMode":{"drawMode":0,"name":"Shaded","section":"Shading Mode"},"sceneLighting":false,"audioPlay":false,"sceneViewState":{"showFog":true,"showMaterialUpdate":false,"showSkybox":false,"showFlares":true,"showImageEffects":true,"showParticleSystems":true},"in2DMode":false,"pivot":{"x":-88.76375579833985,"y":38.46062469482422,"z":6.02374267578125},"rotation":{"x":-0.12328589707612992,"y":0.686914324760437,"z":-0.11988689750432968,"w":-0.7062246203422546},"size":1.0877439975738526,"orthographic":false}