{"cameraMode":{"drawMode":0,"name":"Shaded","section":"Shading Mode"},"sceneLighting":false,"audioPlay":false,"sceneViewState":{"showFog":true,"showMaterialUpdate":false,"showSkybox":false,"showFlares":true,"showImageEffects":true,"showParticleSystems":true},"in2DMode":false,"pivot":{"x":0.9344622492790222,"y":6.23539924621582,"z":1.9946489334106446},"rotation":{"x":-0.014009198173880577,"y":0.8580173850059509,"z":-0.023438958451151849,"w":-0.5129571557044983},"size":0.3543180525302887,"orthographic":false}