{"cameraMode":{"drawMode":0,"name":"Shaded","section":"Shading Mode"},"sceneLighting":false,"audioPlay":false,"sceneViewState":{"showFog":true,"showMaterialUpdate":false,"showSkybox":false,"showFlares":true,"showImageEffects":true,"showParticleSystems":true},"in2DMode":false,"pivot":{"x":2.9089958667755129,"y":6.367692947387695,"z":0.8656319975852966},"rotation":{"x":-0.030729878693819047,"y":0.686489999294281,"z":-0.029064932838082315,"w":-0.7259520888328552},"size":0.3543180525302887,"orthographic":false}