{"cameraMode":{"drawMode":0,"name":"Shaded","section":"Shading Mode"},"sceneLighting":false,"audioPlay":false,"sceneViewState":{"showFog":true,"showMaterialUpdate":false,"showSkybox":false,"showFlares":true,"showImageEffects":true,"showParticleSystems":true},"in2DMode":false,"pivot":{"x":-8.132311820983887,"y":7.304574966430664,"z":4.659086227416992},"rotation":{"x":-0.023024648427963258,"y":-0.6738054752349854,"z":-0.021035604178905488,"w":0.7383144497871399},"size":10.0,"orthographic":false}