{"cameraMode":{"drawMode":0,"name":"Shaded","section":"Shading Mode"},"sceneLighting":false,"audioPlay":false,"sceneViewState":{"showFog":true,"showMaterialUpdate":false,"showSkybox":false,"showFlares":true,"showImageEffects":true,"showParticleSystems":true},"in2DMode":false,"pivot":{"x":-7.765089511871338,"y":-2.3295042514801027,"z":1.6742571592330933},"rotation":{"x":0.06237848103046417,"y":-0.6695278286933899,"z":0.05657586455345154,"w":0.7380595207214356},"size":10.0,"orthographic":false}