{"cameraMode":{"drawMode":0,"name":"Shaded","section":"Shading Mode"},"sceneLighting":false,"audioPlay":false,"sceneViewState":{"showFog":true,"showMaterialUpdate":false,"showSkybox":false,"showFlares":true,"showImageEffects":true,"showParticleSystems":true},"in2DMode":false,"pivot":{"x":-41.51320266723633,"y":-6.286966800689697,"z":0.42089927196502688},"rotation":{"x":-0.05979659780859947,"y":0.6978350877761841,"z":-0.05931248515844345,"w":-0.7114908695220947},"size":24.244525909423829,"orthographic":false}